name,address
Justrite Ogba,"Ogba, Lagos"
Next Cash and Carry Port Harcourt,"Port Harcourt, Rivers"
Market Square Umuahia,"Umuahia, Abia"
Market Square GRA,"GRA, Port Harcourt, Rivers"
Market Square Hypercity Bypass,"Port Harcourt, Rivers"
Market Square Yenagoa,"Yenagoa, Bayelsa"
Market Square Ada George,"Ada George, Port Harcourt, Rivers"
Market Square Odili,"Odili Road, Port Harcourt, Rivers"
Market Square Iwofe,"Iwofe, Port Harcourt, Rivers"
Market Square Okporo,"Okporo Road, Port Harcourt, Rivers"
Market Square Gwarinpa,"Gwarinpa, Abuja"
Market Square Kuje,"Kuje, Abuja"
Market Square Ikot Ekpene,"Ikot Ekpene, Akwa Ibom"
Market Square Eket,"Eket, Akwa Ibom"
Nteps Housing Estate,"Housing Estate, Uyo, Akwa Ibom"
Justrite Owode,"Owode, Ogun"
Jendol Onibukun,"Onibukun, Ota, Ogun"
Market Square Ota,"Ota, Ogun"
Justrite Osogbo,"Osogbo, Osun"
Market Square Festac,"Festac Town, Lagos"
Market Square Sapele Road,"Sapele Road, Benin City, Edo"
Market Square Aduwawa,"Aduwawa, Benin City, Edo"
Market Square Fordmart,"Benin City, Edo"
Market Square Dawaki,"Dawaki, Abuja"
Market Square Owerri 1,"Owerri, Imo"
Market Square Owerri 2,"Owerri, Imo"
Valueplus Uyo,"Uyo, Akwa Ibom"
Valueplus Christ the King,"Uyo, Akwa Ibom"
Market Square Aba 1,"Aba, Abia"
Market Square Aba 2,"Aba, Abia"
Justrite Abule Egba,"Abule Egba, Lagos"
Jendol Abule Egba,"Abule Egba, Lagos"
Justrite Iju,"Iju, Lagos"
Market Square Kaduna,"Kaduna, Kaduna"
Market Square Rumubekwe,"Rumuibekwe, Port Harcourt, Rivers"
Market Square Elelenwo,"Elelenwo, Port Harcourt, Rivers"
Spar Victoria Island,"Victoria Island, Lagos"
Spar Calabar,"Calabar, Cross River"
Spar Ceddi Plaza,"Central Business District, Abuja"
Spar Enugu,"Enugu, Enugu"
Spar Gwarinpa,"Gwarinpa, Abuja"
Spar Ilupeju,"Ilupeju, Lagos"
Spar Wuse,"Wuse, Abuja"
Spar Opebi,"Opebi, Ikeja, Lagos"
Market Square Onne,"Onne, Rivers"
Market Square Uyo,"Uyo, Akwa Ibom"
Nteps Oron Road,"Oron Road, Uyo, Akwa Ibom"
Market Square Awka,"Awka, Anambra"
Jendol Ojuore,"Ojuore, Ota, Ogun"
Justrite Ota 1,"Ota, Ogun"
Justrite Ota 2,"Ota, Ogun"
Justrite Omole,"Omole Phase 1, Lagos"
Jendol Omole,"Omole, Lagos"
Justrite Ojodu,"Ojodu, Lagos"
Justrite Ijeja,"Ijeja, Abeokuta, Ogun"
Justrite Kemta,"Kemta, Abeokuta, Ogun"
Bedrock Isolo,"Isolo, Lagos"
Justrite Isolo,"Isolo, Lagos"
Jendol Isolo,"Isolo, Lagos"
Roban Stores Awka 1,"Awka, Anambra"
Roban Stores Awka 2,"Awka, Anambra"
Market Square Agip,"Agip Road, Port Harcourt, Rivers"
Market Square Mile 3,"Mile 3, Port Harcourt, Rivers"
Market Square Hyper Ikoku,"Ikoku, Port Harcourt, Rivers"
Justrite Akobo,"Akobo, Ibadan, Oyo"
Market Square Rukpokwu,"Rukpokwu, Port Harcourt, Rivers"
Market Square Choba,"Choba, Port Harcourt, Rivers"
Justrite Akowonjo,"Akowonjo, Lagos"
Jendol Ipaja,"Ipaja, Lagos"
Justrite Ayobo,"Ayobo, Lagos"
Justrite Gowon Estate,"Gowon Estate, Egbeda, Lagos"
Jendol Igando,"Igando, Lagos"
Justrite Igando,"Igando, Lagos"
Jendol Isheri,"Isheri, Lagos"
Jendol Ibafo,"Ibafo, Ogun"
Justrite Ring Road,"Ring Road, Ibadan, Oyo"
Justrite Eleyele,"Eleyele, Ibadan, Oyo"
Jendol Majidun,"Majidun, Ikorodu, Lagos"
Justrite Ogolonto,"Ogolonto, Ikorodu, Lagos"
Justrite General Ikorodu,"General Hospital Road, Ikorodu, Lagos"
Jendol Alakuko,"Alakuko, Lagos"
Justrite Alakuko,"Alakuko, Lagos"
Sinomart Alakuko,"Alakuko, Lagos"
Market Square Karu,"Karu, Abuja"
Market Square Gateway,"Abuja"
Justrite Casso,"Casso, Lagos"
Justrite Ekoro,"Ekoro, Lagos"
Jendol Itokin,"Itokin, Ikorodu, Lagos"
Jendol Ijede,"Ijede, Ikorodu, Lagos"
Jendol Ajah,"Ajah, Lagos"
Jendol Elemoro,"Elemoro, Ibeju-Lekki, Lagos"
Market Square Sangotedo,"Sangotedo, Lagos"
