name,region
"247 Supermarket, Uyo",AKWA IBOM
"2k Supermarket, Abuja",ABUJA
"3D Radiance Pharmacy, Gbagada",MAINLAND
6 to 9 Supermarket,MAINLAND
A.A Best,TRADEFAIR
A.G COSMETICS,TRADEFAIR
A.S PHILIPS,TRADEFAIR
ABUCHI,TRADEFAIR
ACALVIEN,TRADEFAIR
"Ace Mall Bodija, Ibadan",IBADAN
"ADIVIA STORES, LEKKI COUNTY HOME",ISLAND
Ajoke,INDIVIDUAL
"All time Supermarket 3, Uyo",AKWA IBOM
"All Time Supermarket, Uyo",AKWA IBOM
"Alpha Pet, Benin",BENIN
"Alpha Pharmacy and Stores, Ikeja",MAINLAND
"Amaka Stores, Asaba",ASABA
AMAKA TIC,TRADEFAIR
"Amambraco Supermarket, Benin",BENIN
Amechi PH,PH
ANDREW (AYT COMMERCIAL ENT.),TRADEFAIR
"Annies Market Place, Asaba",ASABA
"Arinze, Wuse Abuja",ABUJA
"Assorted Super Centre, Yenogoa",
"AT Cosmetics, Owerri",OWERRI
"Awari Supermarket, Benin",BENIN
"Azores Supermarket Kuje, Abuja",
"Babbo Supermarket, Abuja",
BADMUS,INDIVIDUAL
"Bag It supermarket Admiralty Way, Lekki",
Beauty Affairs,TRADEFAIR
Bedrock Mart Bucknor Isolo,MAINLAND
BEN TRADEFAIR,TRADEFAIR
"Best Buy Supermarket, Kuje",
Best Choice Enugu,ENUGU
BETTER DAYS,
Better Mart Badore,ISLAND
Bismid,TRADEFAIR
Blenco Addo,ISLAND
Blenco Ilasan Lekki,ISLAND
Blenco Supermarket Abule Egba,MAINLAND
"Blenco Supermarket Ajiwe, Ajah",ISLAND
Blenco Supermarket Egbeda,MAINLAND
"Blenco Supermarket, Amadiya",
"Blenco Supermarket, Eputu ibeju Lekki",ISLAND
"Blenco Supermarket, Sangotedo",ISLAND
"Bless Shop Supermarket, Abuja",ABUJA
"Blessed Victoria Supermarket, Abuja",
BMC COSMETICS,
"BRENT MALL WAREHOUSE, IBADAN",IBADAN
"Bright Cosmetics, Abuja",
Bright Links Cosmetics Hub,
"Buy and Save Bodija, Ibadan",IBADAN
"Buyplus Mall D Line, PH",PH
C SMART,TRADEFAIR
"Callys Venture Beauty Store, Wuse Market",
Careforte Pharm VI,ISLAND
"CEC Drug n more pharmacy and beauty, Lekki",ISLAND
"CECI MEGA PLAZA, AKURE",AKURE
"Ceci Supermarket, Ado-Ekiti",
CEEBECO,
"Centrus Mall, Asaba",ASABA
CEO'S MART,ISLAND
"CH Cosmetics Wuse Market, Abuja",
"Chidivac Pharmacy & Stores, Abuja",
"Chimex Stores, Wuse Market",
"China sky supermarket, Abuja",
CHINAZA,INDIVIDUAL
chinedu,TRADEFAIR
Chineye,TRADEFAIR
CHIOMA (ABF OPP.BORNO PLAZA,TRADEFAIR
chioma (Vizora),TRADEFAIR
chisom,INDIVIDUAL
CHOGWU,TRADEFAIR
Christ the King Supermarket Uyo,AKWA IBOM
CHUPPET,
Chybike,TRADEFAIR
CIBSON INVESTMENT,TRADEFAIR
"City Star Mart, Oshogbo",
C-Nature,TRADEFAIR
COACH SUPERMARKET,
"Coka Pharmacy & Stores, Benin",BENIN
"Coka Pharmacy & Stores, Off Sapele RD",BENIN
Compra Mart,ISLAND
"Compra Mart, Orchid",ISLAND
CONTENDER,TRADEFAIR
"Corner Mart, Asaba",ASABA
Cost Cutters SUpermarket Abuja,ABUJA
CUSTOMER GIFT,INDIVIDUAL
Customer_,INDIVIDUAL
"CyMarc International Limited, Wuse Abuja",
D CHUKS GLOBAL,TRADEFAIR
"D, EMPEROR GRAND MALL",MAINLAND
"Danax Cosmetics, Ibadan",IBADAN
"Day Toner People's Pharmacy, Lekki",
Daytoner Aja,
"DBANI Supermarket, Bariga",
"De petex Cosmetics, Abuja",
"De Royal Mall, Yenogoa",
"De Samic, Uyo",AKWA IBOM
"Dee Kam Market Place, Ota",MAINLAND
Delis VI,ISLAND
Delux Supermarket Sangotedo,ISLAND
DESTINED,TRADEFAIR
Destiny Arikpo,MAINLAND
Destiny Supermarket Owerri,OWERRI
"DFD Pharmacy & Superstore, Lugbe",
"DFK Super Store, Palm Groove",MAINLAND
DIVINE MERCY,TRADEFAIR
DON BISHOP (ONYEKA HILLARY),
Doris,INDIVIDUAL
"Down Town Shopping Complex, Uyo",AKWA IBOM
"Eagle Success cosmetics, Abuja",
Ebeano Supermarket Abuja,ABUJA
Ebeano Supermarket Agungi Branch,ISLAND
Ebeano Supermarket Chevron Branch,ISLAND
Ebeano Supermarket Eleganza,ISLAND
Ebeano Supermarket Lekki,ISLAND
Ebeano SUpermarket Oniru,ISLAND
"Ebeano Supermarket, Jakande",
Ebuka T.f,TRADEFAIR
"Eden Cosmetics Wuse Market, Abuja",
Edichart Shoping Mall,MAINLAND
Efe,TRADEFAIR
"EFG MART SUPERMARKET, UYO 1",
EFG MART UYO,
EJIS OCEAN,TRADEFAIR
Ekene,TRADEFAIR
"El- Roi super stores, Auja",
Elixir Supermarket Benin,BENIN
Ella,TRADEFAIR
ELSIM,TRADEFAIR
Emilo Super Market,PH
EMMANUEL EJEMBA,TRADEFAIR
"Emmatos Super Store, Aboru",MAINLAND
"Emmatos Super Store, Alagbado",MAINLAND
"Emmatos Super Store, Ishashi 3",
"Enascolin Ventures, Benin",BENIN
"Enej Supermarket, Orchid Rd",
Enumex Cosmetics Calabar,CALABAR
Essence Needz Eneka PH,PH
Essence Needz PH,PH
Essentials by Grandview,MAINLAND
Esther,INDIVIDUAL
"ET AL FARMS SUPERSTORES, IKEJA",
Ever Bright Store,ISLAND
EVERYDAY SUPERMARKET 4040 OWERRI E11,OWERRI
EVERYDAY SUPERMARKET ABAKALIKI E13,ABAKALIKI
EVERYDAY SUPERMARKET AWKA E12,AWKA
EVERYDAY SUPERMARKET CHOBA PH E6,PH
EVERYDAY SUPERMARKET GRA PH E2,PH
EVERYDAY SUPERMARKET IKENEGBU OWERRI E4,OWERRI
EVERYDAY SUPERMARKET IMSU OWERRI E8,OWERRI
EVERYDAY SUPERMARKET MCC OWERRI E7,OWERRI
EVERYDAY SUPERMARKET MGBUOBA PH E9,PH
EVERYDAY SUPERMARKET PETER ODILI,PH
EVERYDAY SUPERMARKET RUMUIBEKWE E3 PH,PH
EVERYDAY SUPERMARKET RUMUOLA E1 PH,PH
EVERYDAY SUPERMARKET SUMMIT ASABA E10,ASABA
EVERYDAY SUPERMARKET WORLD BANK OWERRI E5,OWERRI
Exotica Ph,
Ezinne Aba,INDIVIDUAL
Family Mart,OWERRI
Family Wellness Abuja,ABUJA
"Faxx Stores & Trading Ltd, Abuja",ABUJA
"Feebees Retail Services, Oniru",ISLAND
Fine Look,TRADEFAIR
"Finrel Warehouse, Ibadan",IBADAN
"First Vigeo Supermarket, Akure",
FOC,INDIVIDUAL
Foodco Abeokuta,ABEOKUTA
"Foodco Akinolugbade, Abeokuta",ABEOKUTA
"Foodco Asero, Abeokuta",ABEOKUTA
Foodco Ibadan,IBADAN
Foodco Ikotun,MAINLAND
Foodco Ikoyi,ISLAND
"Foodco Jericho Warehouse, Ibadan",IBADAN
Foodco Lekki,ISLAND
"Foodco Monatan Warehouse, Ibadan",IBADAN
"Foodco Ologuneru Warehouse, Ibadan",IBADAN
"Foodco Ring Road Warehouse, Ibadan",IBADAN
"Foodies Supermarket Jericho, Ibadan",IBADAN
Ford Mart Benin City,BENIN
"Ford Mart Supermarket Adolor, Benin City",
"Ford Mart Supermarket Supermarket, Isikolor Road, Benin City",
"Freedom Mart Supermarket, Lekki",ISLAND
"Freshshop Supermarket Transekulu, Enugu",
Gain More Supermarket,OWERRI
Gbenga,INDIVIDUAL
General Supermarket Yenogoa,YENOGOA
Genesis,TRADEFAIR
Globus Ago,MAINLAND
Globus Relativity Stores Trade Fair,TRADEFAIR
Globus supermarket Ajao Estate Lagos,MAINLAND
Glorisco Supermarket Owerri,
"Go Trading Enterprises Apapa, Lagos",
Goodies Ikeja,
"Goshen Stores, Abuja",
"GPS Shopping Mall, Benin",
Grand Product Abuja,ABUJA
Grand Products Ikeja,MAINLAND
Grand Products Kano,KANO
Grand Products VI,ISLAND
Greeneil Supermarket Lekki,ISLAND
Greeneil Supermarket Osapa London,ISLAND
"Hangers Supermarket, Uyo",AKWA IBOM
Hartley Supermarket Ikoyi,ISLAND
Hartleys Supermarket VI,ISLAND
Healthrite Pharmacy 2,MAINLAND
Healthrite Pharmacy Randle,MAINLAND
Healthrite Pharmacy Tejuosho,MAINLAND
"HEPZIBAH SUPERMARKET, EKET",PH
"Hexcel Supermarket, Benin City",BENIN
H-medix Abuja,ABUJA
HyperCity Ogunabali Port Harcourt,PH
"Hypercity Retail Ltd Ikoku, PH",PH
HyperCity Retail ltd Tombia Road New GRA PH,PH
"Hypercity Retail Ltd, Trans-Amadi Rd, Port Harcourt",PH
"I C WORLD SUPERMARKET GWARINPA, ABUJA",ABUJA
"IFY FABULOUS COSMETICS, ILORIN",ILORIN
"IK P supermarket, Abuja",
"IK Pharmacy and Supermarket, Benin",BENIN
Ismail,INDIVIDUAL
"J Lush Supermarket, Ojota",
"James Beauty Cosmetics, Abuja",
James Peter,
Jane & Juliet Uyo,AKWA IBOM
Jara Benin,BENIN
Jara Edlp Benin,BENIN
Jara Ekiti,EKITI
Jara Lagos,MAINLAND
Jara Oyo,IBADAN
JBO,TRADEFAIR
Jendol Abule Egba,MAINLAND
"Jendol Central Warehouse, Egbeda",MAINLAND
"Jendol Odonguyan, Ikorodu",MAINLAND
"Jendol Super Store, Ajah Lagos",ISLAND
Jendol Supermarket Alakuko,MAINLAND
Jendol Supermarket Igando 2,MAINLAND
Jendol Supermarket Ikorodu,MAINLAND
Jendol Supermarket Isheri,MAINLAND
Jendol SUpermarket Isolo,MAINLAND
Jendol Supermarket Ojodu,MAINLAND
Jendol Superstore Egbeda,MAINLAND
Jendol Superstore Oju Ore,MAINLAND
Jendol Superstores Ibafo,MAINLAND
"Jendol Superstores Ijede, Ikorodu 3",MAINLAND
"Jendol Superstores Magidun, Ikorodu 4",
"Jendol Superstores, Ipaja",MAINLAND
"Jendol Superstores, Onibukun",MAINLAND
Jennifer,INDIVIDUAL
"Joeddy Supermarket, Anthony Village",MAINLAND
JOEPAL SUPERMARKET YENOGOA,YENOGOA
John Ojo,INDIVIDUAL
"JOVIT MART, UMUAHIA",ABIA
Joy Ayoleyi,INDIVIDUAL
JUDE V TRADEFAIR,TRADEFAIR
Judel Supermarket,AKWA IBOM
Judith,
"JUSTCOM STORES, OGUDU",MAINLAND
JUSTRITE CENTRAL WAREHOUSE IKEJA,MAINLAND
"Justrite Supermarket Eleyele, Ibadan",IBADAN
Justrite Supermarktet Sango Otta,MAINLAND
JUSTRITE SUPERSTORE OBANTOKO,ABEOKUTA
JUSTRITE SUPERSTORE ABEOKUTA,ABEOKUTA
JUSTRITE SUPERSTORE ABULE EGBA,MAINLAND
"JUSTRITE SUPERSTORE AKOBO, IBADAN",IBADAN
Justrite SuperStore Akowonjo Egbeda,MAINLAND
JUSTRITE SUPERSTORE AYOBO,MAINLAND
"JUSTRITE SUPERSTORE CASSO, LAGOS",MAINLAND
JUSTRITE SUPERSTORE DOPEMU,MAINLAND
"Justrite Superstore Funaab, Ogun State",
"JUSTRITE SUPERSTORE IGANDO, LAGOS STATE",MAINLAND
JUSTRITE SUPERSTORE IJU,MAINLAND
JUSTRITE SUPERSTORE IKATE LEKKI,ISLAND
JUSTRITE SUPERSTORE IKORODU,MAINLAND
JUSTRITE SUPERSTORE IKORODU 2,MAINLAND
"JUSTRITE SUPERSTORE ILE- IFE, OSUN STATE",OSUN
JUSTRITE SUPERSTORE ISOLO,MAINLAND
JUSTRITE SUPERSTORE IYANA IPAJA,MAINLAND
"JUSTRITE SUPERSTORE KEMTA, OGUN STATE",ABEOKUTA
"JUSTRITE SUPERSTORE LAFENWA, OGUN SATET",ABEOKUTA
"JUSTRITE SUPERSTORE ODONGUYAN, IKORODU 3",MAINLAND
JUSTRITE SUPERSTORE OJODU,MAINLAND
Justrite Superstore Oshogbo,OSUN
Justrite Superstore Owode,MAINLAND
"JUSTRITE SUPERSTORE RING ROAD, IBADAN",IBADAN
"JUSTRITE SUPERSTORE, OMOLE",MAINLAND
JUSTRITE SUPERSTORES ALAKUKO,MAINLAND
JUSTRITE SUPERSTORES BARIGA,MAINLAND
"JUSTRITE SUPERSTORES EKORO, LAGOS",MAINLAND
JUSTRITE SUPERSTORES GOWON ESTATE,MAINLAND
Justrite Superstores Ibafo Lagos,MAINLAND
JUSTRITE SUPERSTORES ILESHA,
"Justrite Superstores, Ogba Ikeja",
jykesweb,TRADEFAIR
Kanof,TRADEFAIR
Katta Supermarket,MAINLAND
"Katta Supermarket, AIT Branch",
"Kevs Departmental Stores, Benin",BENIN
"Kls supermarket, Ikeja",ISLAND
Kodis,TRADEFAIR
Lapas Mall Ajah,
LAPAZ MALL LIMITED,ISLAND
"Lead Gate Supermarket Jabi Lake, Abuja",ABUJA
"Lead Supermarket Warehouse, Oshogbo",OSUN
LEEDEL SUPER STORE,OWERRI
"Leedel Superstore Ikenegbu, Owerri",OWERRI
LEGEND SUPERMARKET (OPPOSITE HOUSE ON THE ROCK),
"Li-m Supermarket, Ota",MAINLAND
"Limitless Mart, Eputu",ISLAND
"LMSN Supermarket, Benin",BENIN
Lozzy Supermarket Yenogua,YENOGOA
"Lython Cosmetics Ekeonuwa, Owerri",OWERRI
"Macmannie Supermarket, Ogba",MAINLAND
MAC-VISCO LTD,TRADEFAIR
MADAM CHARLES,TRADEFAIR
Madam Chinenye,TRADEFAIR
MADAM CHINWE (ETHEL N ELLA BEAUTY),TRADEFAIR
Madam Donella,TRADEFAIR
MADAM GRACE,TRADEFAIR
MADAM OLUCHI,TRADEFAIR
Madam UC,TRADEFAIR
"Madina Lifestyle & Supermarket, Somolu",
"Maldora supermarket , Ifako",
"Mama Tega, Tejuosho Market",MAINLAND
"Mankind Pharmacy and Supermarket, Benin",BENIN
MARK CHOICE,TRADEFAIR
Market Square Gwarinpa Abuja,ABUJA
Market Square Aba,ABA
Market square Aba 2,ABA
Market Square Ada George PH,PH
Market Square Aduwawa Benin 2,BENIN
"Market Square Agip Road, PH",PH
"Market Square Airport Road, Benin 3",BENIN
"Market Square Apo 2 Mall, Apo Round About, Abuja",
Market Square Asaba,ASABA
"Market Square Asaba Mall, Okpanam Road",
Market Square Awka,AWKA
Market Square Benin Sapele Road,BENIN
Market Square Choba,PH
"Market Square Dawaki District, Abuja",ABUJA
Market Square Delta Mall,
Market Square Eket,PH
MARKET SQUARE ELELENWO PH,PH
"Market Square Eleme, PH",
Market Square Enugu,ENUGU
Market Square Festac,MAINLAND
"Market Square Gateway Mall, Abuja",
"Market Square Gbagi, Ibadan",IBADAN
Market Square GRA Phase 3 PH,PH
"Market Square Gsm Market Maiduguri, Borno",BORNO
Market Square Ikot Epene,AKWA IBOM
Market Square Iwofe Road,PH
Market Square Kaduna,KADUNA
"Market Square Karu, Abuja",ABUJA
"Market Square Kuje, Abuja",ABUJA
"Market Square Lekki, Lagos",ISLAND
"Market square Maryland, Lagos",MAINLAND
"Market square Mile 3, PH",PH
"Market Square Nzimiro, Port Harcourt",PH
Market Square Okota,MAINLAND
Market square Okporo Rumudara Ph,PH
Market Square Onne PH,PH
Market Square Owerri,OWERRI
Market Square Owerri Mall,
"Market Square Owode Idiroko Road, Ogun State",MAINLAND
Market Square Peter Odili PH,PH
Market Square Rukpokwu AIrport RD PH,PH
Market Square Rumuibekwe PH,PH
"Market Square Sangotedo, Lagos",
Market Square Umuahia,ABIA
MARKET SQUARE UYO,AKWA IBOM
Market Square Yenogoa,YENOGOA
"Market Square, Gbagada",MAINLAND
Marvel Nissi Store,ENUGU
Mary Anu,
"Max Ambi supermarket, Ibeju Lekki",ISLAND
Maxland Shopping Center,MAINLAND
"MC Awesome Supermarket, Ajah",ISLAND
Medplus Pharm,ISLAND
Mega Plaza,ISLAND
Mega Plaza VI,ISLAND
"Mesdon Int'l Ltd, Abuja",
"Mitch & Good Supermarket, Ikoyi",ISLAND
"MM2 Ekosodine, Benin",BENIN
"MM2 Isihor, Benin",BENIN
MMIRI TRADEFAIR,TRADEFAIR
"MOPHETH PHARMACY, VI",ISLAND
"More Mart Alakia, Ibadan",IBADAN
"More Mart Olorunsogo, Ibadan",IBADAN
"More Mart Olunde, Ibadan",IBADAN
"Mosh Pharmacy and Supermarket Bodija, Ibadan",
"Mostan Super Stores, Gbagada",MAINLAND
"MOSTEL COSMETICS, ABUJA",
Mr. Audu,INDIVIDUAL
Mr. Makuo,INDIVIDUAL
MR. SEUN,INDIVIDUAL
Mr. ugoo ABJ,ABUJA
Multikers Supermarket VI,ISLAND
"Multimac cosmetic store, Abuja",
Musibau,INDIVIDUAL
My Groceries 2go,ISLAND
"My Mart, Lekki",ISLAND
N.K,TRADEFAIR
NAFDAC OFFICE,INDIVIDUAL
"Naija Medix Pharmacy, Lekki",
"Nao Supermarket, Ado Ekiti",EKITI
"Nao Supermarket, Akure",AKURE
"ND Stores, Kuje",
Next Cash & Carry PH,PH
"Nick supermarket, Benin",BENIN
Nomsky,TRADEFAIR
Nteps Supermarket Uyo,AKWA IBOM
"O.U.K SUPERMARKET, AKURE",AKURE
"Oasis Mart, Yenogoa",
Obinna Onitsha,
OBINNA TRADEFAIR,TRADEFAIR
OBIREAL,
OBUM TRADEFAIR,
oga chucks,TRADEFAIR
Oga Emeka,TRADEFAIR
Oga Frank,TRADEFAIR
Oga O.C,TRADEFAIR
OGA ONYEKA,TRADEFAIR
Oga Tony,TRADEFAIR
Oga Vicky (Righteous Gate) Trade fair,TRADEFAIR
Ojaja More Oshogbo,OSUN
Ojajamore Supermarket Ile-Ife,OSUN
"Ojajamore Supermarket, Akure",AKURE
Okoli Supermarket Ikoyi,ISLAND
Old English Abule Egba,MAINLAND
Old english Omole Phase,MAINLAND
Old English Stores GRA,MAINLAND
"Old English Superstores, Ibadan",MAINLAND
Old English Surulere,MAINLAND
"Oliva Twist Supermarket, Abuja",ABUJA
Olivia,TRADEFAIR
Oluchi,TRADEFAIR
"Olukem Supermarket, Akure",
"Omezera Supermarket, Ikeja",
"One Source Mart, Ikeja",MAINLAND
ONYEKA TRADEFAIR,TRADEFAIR
"ONYEZE COSMETICS, ABUJA",
OPEN DOOR SUPERMARKET WUSE,
oramore,TRADEFAIR
"Organic beauty cosmetics, Abuja",
Outdoor Sales Activities,INDIVIDUAL
OZEH,TRADEFAIR
Ozzy Stores Eti Osa,ISLAND
Ozzy Stores Ilaje,ISLAND
Ozzy Stores Osapa London,ISLAND
P.TOM,TRADEFAIR
Palais de beaute cosmetics,ISLAND
"PALAIS DE BEAUTE COSMETICS, BIG SHOP",ISLAND
"PALAIS DE BEAUTE COSMETICS, SHOP 1",ISLAND
"PALAIS DE BEAUTE COSMETICS, SHOP 2",ISLAND
"PALAIS DE BEAUTE COSMETICS, SHOP 3",ISLAND
PATCARGO (NONSO),
Paxs Pharmacy Onitsha,ONITSHA
"Pay Day Supermarket Oworoshoki, Lagos",
PENAFORT SUPERMARKET FESTAC,
"PENAFORTE SUPERMARKET, VILLAGE BUS STOP",TRADEFAIR
Penny Express Ago,
"Pharma Care Pharmacy, Festac",MAINLAND
Phil Hallmark Benin,BENIN
Phil Hallmark Benin 2,BENIN
"Phylmart, Agungi",ISLAND
Pick n Pay Glover,ISLAND
PICK N PAY VI,ISLAND
"Prestige Superstores Ajuwon, Akute",MAINLAND
"Prestige Superstores Akesan, Igando",MAINLAND
Prestige Superstores Ishashi,MAINLAND
Prestige Superstores Iyana Paja,MAINLAND
"Priceless Stores Okigwe Rd, Owerri",OWERRI
"Priceless Stores Orlu Raod, Owerri",OWERRI
"Priceless Stores Youth center layout, Owerri",OWERRI
PRIME MART BY MORZI,BENIN
Prime Mart Superstores Cement,MAINLAND
Prime Mart Superstores Ifo,MAINLAND
"Prime Mart SuperStores Iyana Ishasgi RD Ojo, Lagos",MAINLAND
Prime Mart Superstores LASU Idimu IBa Rd AKesan Lagos,MAINLAND
Prime Mart Superstores Singer,MAINLAND
"Prime Mart Superstores, Agbara",
"Prime Mart Superstores, Okoko",MAINLAND
Prince Ebeano Abuja,ABUJA
Prince Ebeano Supermarket Ikeja,MAINLAND
"Prince Ebeano Supermarket, Gudu Abuja",ABUJA
"PROMALL, OWERRI",OWERRI
"Pukka Supermarket, Asaba",
"Q Mart Supermarket, Bariga",MAINLAND
"Quick Point Supermarket, Sangotedo",ISLAND
"Qwik Supermarket, Anthony",MAINLAND
RABBI,
Radopin Supermarket 1 Ziks Avenue Awka,AWKA
Radopin Supermarket 2 Aroma Junction Awka,AWKA
Radopin Supermarket 3 Kwata Junction Awka,AWKA
"Real Care Pharmacy and Supermarket, Benin",BENIN
Reno Supermarket Iyana School B/S 3,MAINLAND
"Reno Supermarket, Ejigbo 2",MAINLAND
"Reno Supermarket, Ikotun",MAINLAND
"Reno Supermarket, Isheri 4",MAINLAND
"Reno Superstore, Isuti Road",MAINLAND
Replenish Supermarket Badore,ISLAND
RICH WAY SUPERMARKET UYO,AKWA IBOM
Roban Stores Enugu,ENUGU
"Roinuj Supermarket, Lekki",ISLAND
Royal Prince Supermarket Berger,MAINLAND
Royal Prince Supermarket Gbagada,MAINLAND
"Safari Hypermarket, Warri",DELTA
Sahad Cosmetics Abuja,ABUJA
Samuel,INDIVIDUAL
Samuel Akozor,INDIVIDUAL
Samuel Onyekachukwu,INDIVIDUAL
Save More Market Place,OWERRI
"SFY Superstores, Ibadan",IBADAN
Shalom Mega Stores,ABEOKUTA
"Shokem Supermarket Ibadan, UI Branch",
"Shokem Supermarket, Ibadan",IBADAN
Shopper Gate Enugu,ENUGU
Shoprite Benin Mall,
shoprite owerri,
Shoprite SR Abia Mall 35300,
Shoprite Sr Abuja Gateway 96663,
Shoprite Sr Adeniran 57617,
Shoprite SR Akure Mall 93144,
Shoprite Sr Asaba 85923,
Shoprite Sr Circle Mall 64808,
Shoprite Sr Cocoa Mall 37726,
Shoprite SR Delta Mall 64785,
Shoprite SR Enugu 56247,
Shoprite SR Festival Mall 64777,
Shoprite SR Garden City Mall PH 79380,
shoprite SR GRAND TOWER,
Shoprite Sr Ibadan Mall 56255,
Shoprite SR Ikeja City Mall 53443,
Shoprite Sr Jabi Lake 64793,
Shoprite Sr Kaduna Mall 9663,
Shoprite SR Kwara Mall 56221,
Shoprite SR Lekki Mall 64751,
Shoprite Sr Onitsha mall 64769,
Shoprite Sr Otta Gateway 83311,
Shoprite SR Park Lane 37734,
Shoprite Sr Silverbird 38073,
Shoprite Sr the Palms 44917,
"SIMON'S SUPERSTORES, AGBARA",MAINLAND
"Sino Mart Superstore, Ota",
"SIsters Lounge, Ilorin",ILORIN
SkyMart,ISLAND
Smartiemart Mega Stores,MAINLAND
SOLEX COSMETICS (UMEH),TRADEFAIR
"Sorfis Supermarket, Sangotedo",ISLAND
"Spar Adeola Odeku, VI",
Spar Afprint Compound Surulere,
"Spar Calabar Mall, Calabar",
"Spar Central Business District, Abuja",
Spar Enugu Mall,
"Spar Gwarinpa, Abuja",
Spar Ikate Lekki,
"Spar Ilupeju, Mushin",
"Spar Opebi Road, Ikeja",
Spar Port Harcourt,
"Spar Wuse II, Abuja",
"Spar Wuse Zone 5, Abuja",
SPEEDYON,TRADEFAIR
Spinneys Supermarket Addo RD,ISLAND
St David Pharmacy Warehouse,ISLAND
"Staleg Mall, Ado-Ekiti",EKITI
"Staleg Mall, Akure",AKURE
"Staleg Mall, Ibadan",IBADAN
Stand By,TRADEFAIR
STANLEY,TRADEFAIR
Stop 2 Shop Benin,BENIN
"SUNRISE SUPERMARKET, IBADAN",IBADAN
"Super City Supermarket, PH",PH
SuperSaver Ajao Estate,MAINLAND
Supersaver Alapere,MAINLAND
Supersaver Central Warehouse,MAINLAND
Supersaver Ikosi,MAINLAND
Supersaver Shangishan Magodo,MAINLAND
SuperSaver Supermarket Lekki,ISLAND
"Supersaver Supermarket, Lenox Mall Lekki",ISLAND
SUREPLUS SUPERMARKET YENOGOA,YENOGOA
"T & M Supermarket, Agungi",ISLAND
T.F WRITE OFF,INDIVIDUAL
Tagbo,TRADEFAIR
Temple Hill Ajah,ISLAND
Temple Hill Festac,MAINLAND
Temple hill Isolo,MAINLAND
"The Brands Superstores, Pedro",
The Label Store,MAINLAND
"The Label Store, Kilo",MAINLAND
The Prince Mega Cosmetics,PH
"Tobeklen Pharmacy & Stores, Abuja",
"Top Outlet Stores, Abuja",
TOSCO COSMETICS WUSE MARTKET,
TOWNSQUARE ASABA,ASABA
Trade fair cash sales,TRADEFAIR
"Trolley Supermarket Wuse II, Abuja",
"TUSH MART LIMITED, AKURE",AKURE
"Twins Faja Supermarket, Ajah",
"Twins Faja Supermarket, Ijanikin",
"Twins Faja Supermarket, Ipaye B/S",
U B A Supermarket Awoyaya Bus Stop,
"U B A Supermarket, Ogidan",ISLAND
"U B A Supermarket, Orchid",
"Udeme Supermarket, Ikeja",
UK DAJI,TRADEFAIR
"Unique Superstore, Ede",
VALMAC ICE NIG LTD,TRADEFAIR
"Value Exchange Superstores, Arepo",
"Value Exchange Superstores, CMD",MAINLAND
"Value Exchange Superstores, Magodo",MAINLAND
Value Plus Supermarket Uyo,AKWA IBOM
"Valuemart Stores, Ekoro",MAINLAND
"Vanguard Pharmacy, Akobo",IBADAN
"Veritas Value Village Ventures, Ogudu",
Victor Abah,
"VICTORY CITY SUPERMARKET, ANTHONY",MAINLAND
VINOFF (Joy),TRADEFAIR
"Vintage Supermarket, Benin",BENIN
warehouse,INDIVIDUAL
Welcome U Supermarket,PH
WENDY,TRADEFAIR
Westgate Cosmetics,MAINLAND
Wide Choice Ada George,PH
Wide Choice Choba PH,PH
Wide Choice Iwofe,PH
"Wonder Supermarket, Benin",BENIN
"Zara Stores, Awka",AWKA
"Zara Stores, Onitsha",ONITSHA
Zetile Supermarket,ISLAND
